{
  "metrics": {
    "f1": 0.9585253456221198,
    "precision": 0.9454545454545454,
    "recall": 0.9719626168224299,
    "accuracy": 0.9473684210526315,
    "roc_auc": 0.9916033878504673
  },
  "run_id": "98a52a8b4241407c93def298fe386fe7"
}