{
  "metrics": {
    "f1": 0.9906542056074766,
    "precision": 0.9906542056074766,
    "recall": 0.9906542056074766,
    "accuracy": 0.9883040935672515,
    "roc_auc": 0.9979556074766355
  },
  "run_id": "cecd01f57b2f4065ac4dc5b643bd962f"
}