{
  "metrics": {
    "f1": 0.9767441860465116,
    "precision": 0.9722222222222222,
    "recall": 0.9813084112149533,
    "accuracy": 0.9707602339181286,
    "roc_auc": 0.9966413551401869
  },
  "run_id": "c575c2cb2bc440448098e36a03d0d359"
}