{
  "metrics": {
    "f1": 0.963302752293578,
    "precision": 0.9459459459459459,
    "recall": 0.9813084112149533,
    "accuracy": 0.9532163742690059,
    "roc_auc": 0.9926255841121495
  },
  "run_id": "7907ba9886f548bbb9d1eb38ffaa412e"
}