{
  "metrics": {
    "f1": 0.9813084112149533,
    "precision": 0.9813084112149533,
    "recall": 0.9813084112149533,
    "accuracy": 0.9766081871345029,
    "roc_auc": 0.9963492990654206
  },
  "run_id": "8bc1c85fe0954fbf990dd7102b6e44e6"
}