{
  "metrics": {
    "f1": 0.986046511627907,
    "precision": 0.9814814814814815,
    "recall": 0.9906542056074766,
    "accuracy": 0.9824561403508771,
    "roc_auc": 0.9954731308411215
  },
  "run_id": "09c29bfdcf3f4aa6ba1a565420ce5b4f"
}