{
  "metrics": {
    "f1": 0.9814814814814815,
    "precision": 0.9724770642201835,
    "recall": 0.9906542056074766,
    "accuracy": 0.9766081871345029,
    "roc_auc": 0.9938668224299065
  },
  "run_id": "86563565488b49e080f75fe0830ceee6"
}